{
  "__version__": "1.0.3",
  "builder": {
    "taskOptionsMap": {},
    "__version__": "1.3.9"
  },
  "gizmos-infos": {
    "is2D": false,
    "is3DIcon": false,
    "iconSize": 2,
    "gridVisible": true,
    "originAxis2D": {
      "x_visible": true,
      "y_visible": true,
      "z_visible": false
    },
    "originAxis3D": {
      "x_visible": true,
      "y_visible": false,
      "z_visible": true
    },
    "gridColor": [
      166,
      166,
      166,
      255
    ],
    "transformToolName": "position",
    "pivot": "pivot",
    "coordinate": "local",
    "toolsVisibility3d": true
  },
  "snap-configs": {
    "position": {
      "x": 1,
      "y": 1,
      "z": 1
    },
    "rotation": 1,
    "scale": 1,
    "isPositionSnapEnabled": false,
    "isRotationSnapEnabled": false,
    "isScaleSnapEnabled": false
  },
  "rect-snap-configs": {
    "enableSnapping": true,
    "snapThreshold": 4
  },
  "camera-infos": {
    "8a9d1108-d252-4dee-bf09-5c6ea7a6d2eb": {
      "position": {
        "x": 23.426577477280848,
        "y": 23.426577477280844,
        "z": 23.426577477280837
      },
      "rotation": {
        "x": -0.27984814233312133,
        "y": 0.3647051996310009,
        "z": 0.11591689595929512,
        "w": 0.8804762392171493
      },
      "viewCenter": {
        "x": 0,
        "y": 0,
        "z": 0
      },
      "contentRect": {
        "x": 0,
        "y": 0,
        "width": 1012,
        "height": 612
      },
      "scale": 1
    },
    "bccd5f42-cd27-4b22-9e2d-f566ef4d5a24": {
      "position": {
        "x": 23.426577477280848,
        "y": 23.426577477280844,
        "z": 23.426577477280837
      },
      "rotation": {
        "x": -0.27984814233312133,
        "y": 0.3647051996310009,
        "z": 0.11591689595929512,
        "w": 0.8804762392171493
      },
      "viewCenter": {
        "x": 0,
        "y": 0,
        "z": 0
      },
      "contentRect": {
        "x": 0,
        "y": 0,
        "width": 1012,
        "height": 612
      },
      "scale": 1
    },
    "982e75d3-4f3b-4331-988d-559759f27ba9": {
      "position": {
        "x": 23.426577477280848,
        "y": 23.426577477280844,
        "z": 23.426577477280837
      },
      "rotation": {
        "x": -0.27984814233312133,
        "y": 0.3647051996310009,
        "z": 0.11591689595929512,
        "w": 0.8804762392171493
      },
      "viewCenter": {
        "x": 0,
        "y": 0,
        "z": 0
      },
      "contentRect": {
        "x": 0,
        "y": 0,
        "width": 1012,
        "height": 612
      },
      "scale": 1
    },
    "177ab410-c938-4833-a231-12877c3a4cd6": {
      "position": {
        "x": 23.426577477280848,
        "y": 23.426577477280844,
        "z": 23.426577477280837
      },
      "rotation": {
        "x": -0.27984814233312133,
        "y": 0.3647051996310009,
        "z": 0.11591689595929512,
        "w": 0.8804762392171493
      },
      "viewCenter": {
        "x": 0,
        "y": 0,
        "z": 0
      },
      "contentRect": {
        "x": 0,
        "y": 0,
        "width": 1012,
        "height": 612
      },
      "scale": 1
    },
    "6469d6a5-3113-4ff2-8718-f535fc6c5fc6": {
      "position": {
        "x": 23.00405403417231,
        "y": 23.004054034172306,
        "z": 23.004054034172302
      },
      "rotation": {
        "x": -0.27984814233312133,
        "y": 0.3647051996310009,
        "z": 0.11591689595929512,
        "w": 0.8804762392171493
      },
      "viewCenter": {
        "x": 0,
        "y": 0,
        "z": 0
      },
      "contentRect": {
        "x": 0,
        "y": 0,
        "width": 1012,
        "height": 623
      },
      "scale": 1
    },
    "46436242-f861-43ee-9097-ca9d6c79e89c": {
      "position": {
        "x": 23.00405403417231,
        "y": 23.004054034172306,
        "z": 23.004054034172302
      },
      "rotation": {
        "x": -0.27984814233312133,
        "y": 0.3647051996310009,
        "z": 0.11591689595929512,
        "w": 0.8804762392171493
      },
      "viewCenter": {
        "x": 0,
        "y": 0,
        "z": 0
      },
      "contentRect": {
        "x": 0,
        "y": 0,
        "width": 1012,
        "height": 623
      },
      "scale": 1
    },
    "cc71f7a7-6e27-4092-a3bd-8dc67edddec5": {
      "position": {
        "x": 23.00405403417231,
        "y": 23.004054034172306,
        "z": 23.004054034172302
      },
      "rotation": {
        "x": -0.27984814233312133,
        "y": 0.3647051996310009,
        "z": 0.11591689595929512,
        "w": 0.8804762392171493
      },
      "viewCenter": {
        "x": 0,
        "y": 0,
        "z": 0
      },
      "contentRect": {
        "x": 0,
        "y": 0,
        "width": 1012,
        "height": 623
      },
      "scale": 1
    },
    "55400703-5360-46f2-a1e8-6bf8b44c7907": {
      "position": {
        "x": 23.00405403417231,
        "y": 23.004054034172306,
        "z": 23.004054034172302
      },
      "rotation": {
        "x": -0.27984814233312133,
        "y": 0.36470519963100073,
        "z": 0.1159168959592951,
        "w": 0.8804762392171493
      },
      "viewCenter": {
        "x": 0,
        "y": 0,
        "z": 0
      },
      "contentRect": {
        "x": 0,
        "y": 0,
        "width": 1012,
        "height": 623
      },
      "scale": 1
    },
    "c233d5eb-d89e-4845-996d-aa2e0a5ce0b0": {
      "position": {
        "x": 23.00405403417231,
        "y": 23.004054034172306,
        "z": 23.004054034172302
      },
      "rotation": {
        "x": -0.27984814233312133,
        "y": 0.3647051996310009,
        "z": 0.11591689595929512,
        "w": 0.8804762392171493
      },
      "viewCenter": {
        "x": 0,
        "y": 0,
        "z": 0
      },
      "contentRect": {
        "x": 0,
        "y": 0,
        "width": 1012,
        "height": 623
      },
      "scale": 1
    },
    "a0b9456d-6720-4cc2-a979-1735280238cb": {
      "position": {
        "x": 23.00405403417231,
        "y": 23.004054034172306,
        "z": 23.004054034172302
      },
      "rotation": {
        "x": -0.27984814233312133,
        "y": 0.36470519963100073,
        "z": 0.1159168959592951,
        "w": 0.8804762392171493
      },
      "viewCenter": {
        "x": 0,
        "y": 0,
        "z": 0
      },
      "contentRect": {
        "x": 0,
        "y": 0,
        "width": 1012,
        "height": 623
      },
      "scale": 1
    },
    "dbe52a0b-29c0-46fe-abf3-2e2ca22f7659": {
      "position": {
        "x": 4251.489986916421,
        "y": 4251.48998691642,
        "z": 4251.489986916419
      },
      "rotation": {
        "x": -0.27984814233312133,
        "y": 0.3647051996310009,
        "z": 0.11591689595929512,
        "w": 0.8804762392171493
      },
      "viewCenter": {
        "x": 0,
        "y": 0,
        "z": 0
      },
      "contentRect": {
        "x": 0,
        "y": 0,
        "width": 1875,
        "height": 1250
      },
      "scale": 1
    },
    "cb1fe5fe-f1a3-44fc-a8d7-ccc9eb4b7e13": {
      "position": {
        "x": 4251.489987350526,
        "y": 4251.489987350525,
        "z": 4251.489987350524
      },
      "rotation": {
        "x": -0.27984814233312133,
        "y": 0.3647051996310009,
        "z": 0.11591689595929512,
        "w": 0.8804762392171493
      },
      "viewCenter": {
        "x": 0,
        "y": 0,
        "z": 0
      },
      "contentRect": {
        "x": 0,
        "y": 0,
        "width": 1875,
        "height": 1250
      },
      "scale": 1
    },
    "5481d331-664c-4c0c-88a7-a325719d27d1": {
      "position": {
        "x": 20.138636778715117,
        "y": 20.138636778715114,
        "z": 20.13863677871511
      },
      "rotation": {
        "x": -0.27984814233312133,
        "y": 0.3647051996310009,
        "z": 0.11591689595929512,
        "w": 0.8804762392171493
      },
      "viewCenter": {
        "x": 0,
        "y": 0,
        "z": 0
      },
      "contentRect": {
        "x": 0,
        "y": 0,
        "width": 1012,